<?xml version="1.0" encoding="UTF-8" standalone="yes" ?><cp:coreProperties xmlns:cp="http://schemas.openxmlformats.org/package/2006/metadata/core-properties" xmlns:dc="http://purl.org/dc/elements/1.1/" xmlns:dcmitype="http://purl.org/dc/dcmitype/" xmlns:dcterms="http://purl.org/dc/terms/" xmlns:xsi="http://www.w3.org/2001/XMLSchema-instance"><cp:category>Model</cp:category><dcterms:created xsi:type="dcterms:W3CDTF">2016-02-02T17:23:10Z</dcterms:created><dc:creator>felix</dc:creator><dc:description></dc:description><cp:lastModifiedBy>johnn</cp:lastModifiedBy><dcterms:modified xsi:type="dcterms:W3CDTF">2020-04-01T16:54:08Z</dcterms:modified><cp:revision>1.177</cp:revision><cp:version>R2015b</cp:version></cp:coreProperties>